TAHUN,NAMA_PROVINSI,NAMA KABUPATEN_KOTA,NAMA_KECAMATAN,NAMA_KELURAHAN,LUAS_WILAYAH,KEPADATAN_JIWA_PER_KM2
2013,PROVINSI DKI JAKARTA,KAB.ADM.KEP.SERIBU,KEP. SERIBU UTR,P. PANGGANG, 0.91 ,6779
2013,PROVINSI DKI JAKARTA,KAB.ADM.KEP.SERIBU,KEP. SERIBU UTR,P. KELAPA, 3.76 ,1705
2013,PROVINSI DKI JAKARTA,KAB.ADM.KEP.SERIBU,KEP. SERIBU UTR,P. HARAPAN, 3.59 ,628
2013,PROVINSI DKI JAKARTA,KAB.ADM.KEP.SERIBU,KEP. SERIBU SLT,P. UNTUNG JAWA, 0.59 ,3625
2013,PROVINSI DKI JAKARTA,KAB.ADM.KEP.SERIBU,KEP. SERIBU SLT,P. TIDUNG, 1.57 ,3084
2013,PROVINSI DKI JAKARTA,KAB.ADM.KEP.SERIBU,KEP. SERIBU SLT,P. PARI, 1.39 ,1968
2013,PROVINSI DKI JAKARTA,JAKARTA PUSAT,GAMBIR,GAMBIR, 2.58 ,1350
2013,PROVINSI DKI JAKARTA,JAKARTA PUSAT,GAMBIR,CIDENG, 1.26 ,14584
2013,PROVINSI DKI JAKARTA,JAKARTA PUSAT,GAMBIR,PETOJO UTARA, 1.12 ,18987
2013,PROVINSI DKI JAKARTA,JAKARTA PUSAT,GAMBIR,PETOJO SELATAN, 1.14 ,14465
2013,PROVINSI DKI JAKARTA,JAKARTA PUSAT,GAMBIR,KEBON KELAPA, 0.78 ,15890
2013,PROVINSI DKI JAKARTA,JAKARTA PUSAT,GAMBIR,DURI PULO, 0.72 ,35628
2013,PROVINSI DKI JAKARTA,JAKARTA PUSAT,SAWAH BESAR,PASAR BARU, 1.89 ,8041
2013,PROVINSI DKI JAKARTA,JAKARTA PUSAT,SAWAH BESAR,KARANG ANYAR, 0.51 ,63122
2013,PROVINSI DKI JAKARTA,JAKARTA PUSAT,SAWAH BESAR,KARTINI, 0.55 ,49862
2013,PROVINSI DKI JAKARTA,JAKARTA PUSAT,SAWAH BESAR,GUNUNG SAHARI UTARA, 1.98 ,9933
2013,PROVINSI DKI JAKARTA,JAKARTA PUSAT,SAWAH BESAR,MANGGA DUA SELATAN, 1.29 ,26203
2013,PROVINSI DKI JAKARTA,JAKARTA PUSAT,KEMAYORAN,KEMAYORAN, 0.55 ,44202
2013,PROVINSI DKI JAKARTA,JAKARTA PUSAT,KEMAYORAN,KEBON KOSONG, 1.13 ,28014
2013,PROVINSI DKI JAKARTA,JAKARTA PUSAT,KEMAYORAN,HARAPAN MULIA, 0.91 ,29205
2013,PROVINSI DKI JAKARTA,JAKARTA PUSAT,KEMAYORAN,SERDANG, 0.82 ,41837
2013,PROVINSI DKI JAKARTA,JAKARTA PUSAT,KEMAYORAN,GUNUNG SAHARI SELATAN, 0.53 ,43858
2013,PROVINSI DKI JAKARTA,JAKARTA PUSAT,KEMAYORAN,CEMPAKA BARU, 0.99 ,38088
2013,PROVINSI DKI JAKARTA,JAKARTA PUSAT,KEMAYORAN,SUMUR BATU, 1.15 ,23271
2013,PROVINSI DKI JAKARTA,JAKARTA PUSAT,KEMAYORAN,UTAN PANJANG, 1.05 ,31889
2013,PROVINSI DKI JAKARTA,JAKARTA PUSAT,SENEN,SENEN, 0.81 ,10158
2013,PROVINSI DKI JAKARTA,JAKARTA PUSAT,SENEN,KENARI, 0.91 ,11757
2013,PROVINSI DKI JAKARTA,JAKARTA PUSAT,SENEN,PASEBAN, 0.71 ,38400
2013,PROVINSI DKI JAKARTA,JAKARTA PUSAT,SENEN,KRAMAT, 0.71 ,47630
2013,PROVINSI DKI JAKARTA,JAKARTA PUSAT,SENEN,KWITANG, 0.45 ,40724
2013,PROVINSI DKI JAKARTA,JAKARTA PUSAT,SENEN,BUNGUR, 0.64 ,34463
2013,PROVINSI DKI JAKARTA,JAKARTA PUSAT,CEMPAKA PUTIH,CEMPAKA PUTIH TIMUR, 2.22 ,12326
2013,PROVINSI DKI JAKARTA,JAKARTA PUSAT,CEMPAKA PUTIH,CEMPAKA PUTIH BARAT, 1.22 ,32561
2013,PROVINSI DKI JAKARTA,JAKARTA PUSAT,CEMPAKA PUTIH,RAWASARI, 1.25 ,19945
2013,PROVINSI DKI JAKARTA,JAKARTA PUSAT,MENTENG,MENTENG, 2.44 ,11968
2013,PROVINSI DKI JAKARTA,JAKARTA PUSAT,MENTENG,PEGANGSAAN, 0.98 ,27151
2013,PROVINSI DKI JAKARTA,JAKARTA PUSAT,MENTENG,CIKINI, 0.82 ,11711
2013,PROVINSI DKI JAKARTA,JAKARTA PUSAT,MENTENG,GONDANGDIA, 1.46 ,3194
2013,PROVINSI DKI JAKARTA,JAKARTA PUSAT,MENTENG,KEBON SIRIH, 0.83 ,18577
2013,PROVINSI DKI JAKARTA,JAKARTA PUSAT,TANAH ABANG,GELORA, 2.59 ,1450
2013,PROVINSI DKI JAKARTA,JAKARTA PUSAT,TANAH ABANG,BENDUNGAN HILIR, 1.58 ,16018
2013,PROVINSI DKI JAKARTA,JAKARTA PUSAT,TANAH ABANG,KARET TENGSIN, 1.53 ,13912
2013,PROVINSI DKI JAKARTA,JAKARTA PUSAT,TANAH ABANG,PETAMBURAN, 0.90 ,43262
2013,PROVINSI DKI JAKARTA,JAKARTA PUSAT,TANAH ABANG,KEBON MELATI, 1.26 ,30563
2013,PROVINSI DKI JAKARTA,JAKARTA PUSAT,TANAH ABANG,KEBON KACANG, 0.71 ,35545
2013,PROVINSI DKI JAKARTA,JAKARTA PUSAT,TANAH ABANG,KAMPUNG BALI, 0.73 ,19941
2013,PROVINSI DKI JAKARTA,JAKARTA PUSAT,JOHAR BARU,JOHAR BARU, 1.19 ,35270
2013,PROVINSI DKI JAKARTA,JAKARTA PUSAT,JOHAR BARU,KAMPUNG RAWA, 0.30 ,86123
2013,PROVINSI DKI JAKARTA,JAKARTA PUSAT,JOHAR BARU,GALUR, 0.27 ,79022
2013,PROVINSI DKI JAKARTA,JAKARTA PUSAT,JOHAR BARU,TANAH TINGGI, 0.62 ,71177
2013,PROVINSI DKI JAKARTA,JAKARTA UTARA,PENJARINGAN,PENJARINGAN, 3.95 ,28071
2013,PROVINSI DKI JAKARTA,JAKARTA UTARA,PENJARINGAN,KAMAL MUARA, 10.53 ,1144
2013,PROVINSI DKI JAKARTA,JAKARTA UTARA,PENJARINGAN,KAPUK MUARA, 10.56 ,3243
2013,PROVINSI DKI JAKARTA,JAKARTA UTARA,PENJARINGAN,PEJAGALAN, 3.23 ,27856
2013,PROVINSI DKI JAKARTA,JAKARTA UTARA,PENJARINGAN,PLUIT, 7.71 ,6344
2013,PROVINSI DKI JAKARTA,JAKARTA UTARA,TANJUNG PRIOK,TANJUNG PRIOK, 5.59 ,7794
2013,PROVINSI DKI JAKARTA,JAKARTA UTARA,TANJUNG PRIOK,SUNTER JAYA, 4.68 ,14791
2013,PROVINSI DKI JAKARTA,JAKARTA UTARA,TANJUNG PRIOK,PAPANGGO, 2.80 ,16353
2013,PROVINSI DKI JAKARTA,JAKARTA UTARA,TANJUNG PRIOK,SUNGAI BAMBU, 2.36 ,15221
2013,PROVINSI DKI JAKARTA,JAKARTA UTARA,TANJUNG PRIOK,KEBON BAWANG, 1.73 ,35952
2013,PROVINSI DKI JAKARTA,JAKARTA UTARA,TANJUNG PRIOK,SUNTER AGUNG, 6.65 ,12234
2013,PROVINSI DKI JAKARTA,JAKARTA UTARA,TANJUNG PRIOK,WARAKAS, 1.09 ,49384
2013,PROVINSI DKI JAKARTA,JAKARTA UTARA,KOJA,KOJA, 3.27 ,10838
2013,PROVINSI DKI JAKARTA,JAKARTA UTARA,KOJA,TUGU UTARA, 2.37 ,34123
2013,PROVINSI DKI JAKARTA,JAKARTA UTARA,KOJA,LAGOA, 1.58 ,44105
2013,PROVINSI DKI JAKARTA,JAKARTA UTARA,KOJA,RAWA BADAK UTARA, 1.33 ,31357
2013,PROVINSI DKI JAKARTA,JAKARTA UTARA,KOJA,TUGU SELATAN, 1.86 ,22869
2013,PROVINSI DKI JAKARTA,JAKARTA UTARA,KOJA,RAWA BADAK SELATAN, 1.33 ,35441
2013,PROVINSI DKI JAKARTA,JAKARTA UTARA,CILINCING,CILINCING, 8.31 ,6326
2013,PROVINSI DKI JAKARTA,JAKARTA UTARA,CILINCING,SUKAPURA, 5.61 ,11602
2013,PROVINSI DKI JAKARTA,JAKARTA UTARA,CILINCING,MARUNDA, 7.92 ,3105
2013,PROVINSI DKI JAKARTA,JAKARTA UTARA,CILINCING,KALI BARU, 2.47 ,34278
2013,PROVINSI DKI JAKARTA,JAKARTA UTARA,CILINCING,SEMPER TIMUR, 3.17 ,12725
2013,PROVINSI DKI JAKARTA,JAKARTA UTARA,CILINCING,ROROTAN, 10.64 ,3859
2013,PROVINSI DKI JAKARTA,JAKARTA UTARA,CILINCING,SEMPER BARAT, 4.44 ,18003
2013,PROVINSI DKI JAKARTA,JAKARTA UTARA,PADEMANGAN,PADEMANGAN TIMUR, 2.61 ,16245
2013,PROVINSI DKI JAKARTA,JAKARTA UTARA,PADEMANGAN,PADEMANGAN BARAT, 3.53 ,24947
2013,PROVINSI DKI JAKARTA,JAKARTA UTARA,PADEMANGAN,ANCOL, 5.77 ,4981
2013,PROVINSI DKI JAKARTA,JAKARTA UTARA,KELAPA GADING,KELAPA GADING TIMUR, 5.31 ,7089
2013,PROVINSI DKI JAKARTA,JAKARTA UTARA,KELAPA GADING,PEGANGSAAN DUA, 6.28 ,8216
2013,PROVINSI DKI JAKARTA,JAKARTA UTARA,KELAPA GADING,KELAPA GADING BARAT, 4.53 ,8515
2013,PROVINSI DKI JAKARTA,JAKARTA BARAT,CENGKARENG,CENGKARENG BARAT, 4.26 ,16409
2013,PROVINSI DKI JAKARTA,JAKARTA BARAT,CENGKARENG,DURI KOSAMBI, 5.03 ,15866
2013,PROVINSI DKI JAKARTA,JAKARTA BARAT,CENGKARENG,RAWA BUAYA, 4.67 ,14886
2013,PROVINSI DKI JAKARTA,JAKARTA BARAT,CENGKARENG,KEDAUNG KALI ANGKE, 2.61 ,14438
2013,PROVINSI DKI JAKARTA,JAKARTA BARAT,CENGKARENG,KAPUK, 7.18 ,20919
2013,PROVINSI DKI JAKARTA,JAKARTA BARAT,CENGKARENG,CENGKARENG TIMUR, 4.18 ,20735
2013,PROVINSI DKI JAKARTA,JAKARTA BARAT,GROGOL PETAMBURAN,GROGOL, 1.22 ,16960
2013,PROVINSI DKI JAKARTA,JAKARTA BARAT,GROGOL PETAMBURAN,TANJUNG DUREN UTARA, 1.11 ,18227
2013,PROVINSI DKI JAKARTA,JAKARTA BARAT,GROGOL PETAMBURAN,TOMANG, 1.88 ,18103
2013,PROVINSI DKI JAKARTA,JAKARTA BARAT,GROGOL PETAMBURAN,JELAMBAR, 1.44 ,24624
2013,PROVINSI DKI JAKARTA,JAKARTA BARAT,GROGOL PETAMBURAN,TANJUNG DUREN SELATAN, 1.76 ,15915
2013,PROVINSI DKI JAKARTA,JAKARTA BARAT,GROGOL PETAMBURAN,JELAMBAR BARU, 1.44 ,30778
2013,PROVINSI DKI JAKARTA,JAKARTA BARAT,GROGOL PETAMBURAN,WIJAYA KUSUMA, 2.61 ,17092
2013,PROVINSI DKI JAKARTA,JAKARTA BARAT,TAMAN SARI,TAMAN SARI, 0.68 ,26441
2013,PROVINSI DKI JAKARTA,JAKARTA BARAT,TAMAN SARI,KRUKUT, 0.55 ,42111
2013,PROVINSI DKI JAKARTA,JAKARTA BARAT,TAMAN SARI,MAPHAR, 0.59 ,34693
2013,PROVINSI DKI JAKARTA,JAKARTA BARAT,TAMAN SARI,TANGKI, 0.37 ,43827
2013,PROVINSI DKI JAKARTA,JAKARTA BARAT,TAMAN SARI,MANGGA BESAR, 0.51 ,17882
2013,PROVINSI DKI JAKARTA,JAKARTA BARAT,TAMAN SARI,KEAGUNGAN, 0.32 ,65800
2013,PROVINSI DKI JAKARTA,JAKARTA BARAT,TAMAN SARI,GLODOK, 0.38 ,24153
2013,PROVINSI DKI JAKARTA,JAKARTA BARAT,TAMAN SARI,PINANGSIA, 0.96 ,13791
2013,PROVINSI DKI JAKARTA,JAKARTA BARAT,TAMBORA,TAMBORA, 0.28 ,45375
2013,PROVINSI DKI JAKARTA,JAKARTA BARAT,TAMBORA,KALI ANYAR, 0.32 ,94166
2013,PROVINSI DKI JAKARTA,JAKARTA BARAT,TAMBORA,DURI UTARA, 0.40 ,60175
2013,PROVINSI DKI JAKARTA,JAKARTA BARAT,TAMBORA,TANAH SEREAL, 0.62 ,49860
2013,PROVINSI DKI JAKARTA,JAKARTA BARAT,TAMBORA,KERENDANG, 0.32 ,74109
2013,PROVINSI DKI JAKARTA,JAKARTA BARAT,TAMBORA,JEMBATAN BESI, 0.55 ,66447
2013,PROVINSI DKI JAKARTA,JAKARTA BARAT,TAMBORA,ANGKE, 0.80 ,43826
2013,PROVINSI DKI JAKARTA,JAKARTA BARAT,TAMBORA,JEMBATAN LIMA, 0.46 ,54543
2013,PROVINSI DKI JAKARTA,JAKARTA BARAT,TAMBORA,PEKOJAN, 0.78 ,35333
2013,PROVINSI DKI JAKARTA,JAKARTA BARAT,TAMBORA,ROA MALAKA, 0.53 ,8275
2013,PROVINSI DKI JAKARTA,JAKARTA BARAT,TAMBORA,DURI SELATAN, 0.42 ,41460
2013,PROVINSI DKI JAKARTA,JAKARTA BARAT,KEBON JERUK,KEBON JERUK, 2.69 ,20957
2013,PROVINSI DKI JAKARTA,JAKARTA BARAT,KEBON JERUK,SUKABUMI UTARA, 1.60 ,26438
2013,PROVINSI DKI JAKARTA,JAKARTA BARAT,KEBON JERUK,SUKABUMI SELATAN, 1.57 ,26532
2013,PROVINSI DKI JAKARTA,JAKARTA BARAT,KEBON JERUK,KELAPA DUA, 1.50 ,17297
2013,PROVINSI DKI JAKARTA,JAKARTA BARAT,KEBON JERUK,DURI KEPA, 3.86 ,17148
2013,PROVINSI DKI JAKARTA,JAKARTA BARAT,KEBON JERUK,KEDOYA UTARA, 3.14 ,15976
2013,PROVINSI DKI JAKARTA,JAKARTA BARAT,KEBON JERUK,KEDOYA SELATAN, 2.28 ,15519
2013,PROVINSI DKI JAKARTA,JAKARTA BARAT,KALI DERES,KALIDERES, 5.72 ,13726
2013,PROVINSI DKI JAKARTA,JAKARTA BARAT,KALI DERES,SEMANAN, 5.98 ,13037
2013,PROVINSI DKI JAKARTA,JAKARTA BARAT,KALI DERES,TEGAL ALUR, 4.00 ,23429
2013,PROVINSI DKI JAKARTA,JAKARTA BARAT,KALI DERES,KAMAL, 4.49 ,12257
2013,PROVINSI DKI JAKARTA,JAKARTA BARAT,KALI DERES,PEGADUNGAN, 8.89 ,8364
2013,PROVINSI DKI JAKARTA,JAKARTA BARAT,PALMERAH,PALMERAH, 2.11 ,33544
2013,PROVINSI DKI JAKARTA,JAKARTA BARAT,PALMERAH,SLIPI, 0.97 ,19980
2013,PROVINSI DKI JAKARTA,JAKARTA BARAT,PALMERAH,KOTA BAMBU UTARA, 0.63 ,46608
2013,PROVINSI DKI JAKARTA,JAKARTA BARAT,PALMERAH,JATI PULO, 0.87 ,38834
2013,PROVINSI DKI JAKARTA,JAKARTA BARAT,PALMERAH,KEMANGGISAN, 2.33 ,16328
2013,PROVINSI DKI JAKARTA,JAKARTA BARAT,PALMERAH,KOTA BAMBU SELATAN, 0.61 ,41082
2013,PROVINSI DKI JAKARTA,JAKARTA BARAT,KEMBANGAN,KEMBANGAN UTARA, 3.65 ,15703
2013,PROVINSI DKI JAKARTA,JAKARTA BARAT,KEMBANGAN,MERUYA UTARA, 4.76 ,9608
2013,PROVINSI DKI JAKARTA,JAKARTA BARAT,KEMBANGAN,MERUYA SELATAN, 2.85 ,11142
2013,PROVINSI DKI JAKARTA,JAKARTA BARAT,KEMBANGAN,SRENGSENG, 4.92 ,9446
2013,PROVINSI DKI JAKARTA,JAKARTA BARAT,KEMBANGAN,JOGLO, 4.86 ,8812
2013,PROVINSI DKI JAKARTA,JAKARTA BARAT,KEMBANGAN,KEMBANGAN SELATAN, 3.60 ,7866
2013,PROVINSI DKI JAKARTA,JAKARTA SELATAN,TEBET,TEBET TIMUR, 1.39 ,14544
2013,PROVINSI DKI JAKARTA,JAKARTA SELATAN,TEBET,TEBET BARAT, 1.72 ,14080
2013,PROVINSI DKI JAKARTA,JAKARTA SELATAN,TEBET,MENTENG DALAM, 2.58 ,16355
2013,PROVINSI DKI JAKARTA,JAKARTA SELATAN,TEBET,KEBON BARU, 1.30 ,31580
2013,PROVINSI DKI JAKARTA,JAKARTA SELATAN,TEBET,BUKIT DURI, 1.08 ,38906
2013,PROVINSI DKI JAKARTA,JAKARTA SELATAN,TEBET,MANGGARAI SELATAN, 0.51 ,52659
2013,PROVINSI DKI JAKARTA,JAKARTA SELATAN,TEBET,MANGGARAI, 0.95 ,36246
2013,PROVINSI DKI JAKARTA,JAKARTA SELATAN,SETIA BUDI,SETIA BUDI, 0.94 ,3852
2013,PROVINSI DKI JAKARTA,JAKARTA SELATAN,SETIA BUDI,KARET SEMANGGI, 0.90 ,3202
2013,PROVINSI DKI JAKARTA,JAKARTA SELATAN,SETIA BUDI,KARET KUNINGAN, 1.79 ,10414
2013,PROVINSI DKI JAKARTA,JAKARTA SELATAN,SETIA BUDI,KARET, 0.94 ,12948
2013,PROVINSI DKI JAKARTA,JAKARTA SELATAN,SETIA BUDI,MENTENG ATAS, 0.90 ,35511
2013,PROVINSI DKI JAKARTA,JAKARTA SELATAN,SETIA BUDI,PASAR MANGGIS, 0.78 ,40395
2013,PROVINSI DKI JAKARTA,JAKARTA SELATAN,SETIA BUDI,GUNTUR, 0.65 ,7174
2013,PROVINSI DKI JAKARTA,JAKARTA SELATAN,SETIA BUDI,KUNINGAN TIMUR, 2.15 ,3335
2013,PROVINSI DKI JAKARTA,JAKARTA SELATAN,MAMPANG PRAPATAN,MAMPANG PRAPATAN, 0.78 ,27765
2013,PROVINSI DKI JAKARTA,JAKARTA SELATAN,MAMPANG PRAPATAN,BANGKA, 3.30 ,7351
2013,PROVINSI DKI JAKARTA,JAKARTA SELATAN,MAMPANG PRAPATAN,PELA MAMPANG, 1.62 ,30940
2013,PROVINSI DKI JAKARTA,JAKARTA SELATAN,MAMPANG PRAPATAN,TEGAL PARANG, 1.06 ,34830
2013,PROVINSI DKI JAKARTA,JAKARTA SELATAN,MAMPANG PRAPATAN,KUNINGAN BARAT, 0.98 ,15120
2013,PROVINSI DKI JAKARTA,JAKARTA SELATAN,PASAR MINGGU,PASAR MINGGU, 2.79 ,9965
2013,PROVINSI DKI JAKARTA,JAKARTA SELATAN,PASAR MINGGU,JATI PADANG, 2.50 ,16524
2013,PROVINSI DKI JAKARTA,JAKARTA SELATAN,PASAR MINGGU,CILANDAK TIMUR, 3.53 ,8075
2013,PROVINSI DKI JAKARTA,JAKARTA SELATAN,PASAR MINGGU,RAGUNAN, 5.05 ,8681
2013,PROVINSI DKI JAKARTA,JAKARTA SELATAN,PASAR MINGGU,PEJATEN TIMUR, 2.88 ,22624
2013,PROVINSI DKI JAKARTA,JAKARTA SELATAN,PASAR MINGGU,PEJATEN BARAT, 2.90 ,14338
2013,PROVINSI DKI JAKARTA,JAKARTA SELATAN,PASAR MINGGU,KEBAGUSAN, 2.26 ,20705
2013,PROVINSI DKI JAKARTA,JAKARTA SELATAN,KEBAYORAN LAMA,KEBAYORAN LAMA UTARA, 1.78 ,27853
2013,PROVINSI DKI JAKARTA,JAKARTA SELATAN,KEBAYORAN LAMA,PONDOK PINANG, 6.84 ,8897
2013,PROVINSI DKI JAKARTA,JAKARTA SELATAN,KEBAYORAN LAMA,CIPULIR, 1.94 ,22494
2013,PROVINSI DKI JAKARTA,JAKARTA SELATAN,KEBAYORAN LAMA,GROGOL UTARA, 3.33 ,14342
2013,PROVINSI DKI JAKARTA,JAKARTA SELATAN,KEBAYORAN LAMA,GROGOL SELATAN, 2.85 ,17009
2013,PROVINSI DKI JAKARTA,JAKARTA SELATAN,KEBAYORAN LAMA,KEBAYORAN LAMA SELATAN, 2.57 ,17598
2013,PROVINSI DKI JAKARTA,JAKARTA SELATAN,CILANDAK,CILANDAK BARAT, 6.05 ,9546
2013,PROVINSI DKI JAKARTA,JAKARTA SELATAN,CILANDAK,LEBAK BULUS, 4.41 ,8840
2013,PROVINSI DKI JAKARTA,JAKARTA SELATAN,CILANDAK,PONDOK LABU, 3.61 ,13349
2013,PROVINSI DKI JAKARTA,JAKARTA SELATAN,CILANDAK,GANDARIA SELATAN, 1.76 ,13816
2013,PROVINSI DKI JAKARTA,JAKARTA SELATAN,CILANDAK,CIPETE SELATAN, 2.37 ,12751
2013,PROVINSI DKI JAKARTA,JAKARTA SELATAN,KEBAYORAN BARU,MELAWAI, 1.26 ,2528
2013,PROVINSI DKI JAKARTA,JAKARTA SELATAN,KEBAYORAN BARU,GUNUNG, 1.32 ,8043
2013,PROVINSI DKI JAKARTA,JAKARTA SELATAN,KEBAYORAN BARU,KRAMAT PELA, 1.23 ,12872
2013,PROVINSI DKI JAKARTA,JAKARTA SELATAN,KEBAYORAN BARU,SELONG, 1.40 ,3014
2013,PROVINSI DKI JAKARTA,JAKARTA SELATAN,KEBAYORAN BARU,RAWA BARAT, 0.69 ,9778
2013,PROVINSI DKI JAKARTA,JAKARTA SELATAN,KEBAYORAN BARU,SENAYAN, 1.53 ,2856
2013,PROVINSI DKI JAKARTA,JAKARTA SELATAN,KEBAYORAN BARU,PULO, 1.27 ,5408
2013,PROVINSI DKI JAKARTA,JAKARTA SELATAN,KEBAYORAN BARU,PETOGOGAN, 0.86 ,15895
2013,PROVINSI DKI JAKARTA,JAKARTA SELATAN,KEBAYORAN BARU,GANDARIA UTARA, 1.52 ,29247
2013,PROVINSI DKI JAKARTA,JAKARTA SELATAN,KEBAYORAN BARU,CIPETE UTARA, 1.83 ,20664
2013,PROVINSI DKI JAKARTA,JAKARTA SELATAN,PANCORAN,PANCORAN, 1.24 ,17127
2013,PROVINSI DKI JAKARTA,JAKARTA SELATAN,PANCORAN,KALIBATA, 2.20 ,21353
2013,PROVINSI DKI JAKARTA,JAKARTA SELATAN,PANCORAN,RAWA JATI, 0.67 ,29915
2013,PROVINSI DKI JAKARTA,JAKARTA SELATAN,PANCORAN,DUREN TIGA, 2.45 ,12987
2013,PROVINSI DKI JAKARTA,JAKARTA SELATAN,PANCORAN,PENGADEGAN, 0.95 ,24076
2013,PROVINSI DKI JAKARTA,JAKARTA SELATAN,PANCORAN,CIKOKO, 0.72 ,17661
2013,PROVINSI DKI JAKARTA,JAKARTA SELATAN,JAGAKARSA,JAGAKARSA, 4.85 ,12940
2013,PROVINSI DKI JAKARTA,JAKARTA SELATAN,JAGAKARSA,SRENGSENG SAWAH, 6.75 ,8912
2013,PROVINSI DKI JAKARTA,JAKARTA SELATAN,JAGAKARSA,CIGANJUR, 3.61 ,10334
2013,PROVINSI DKI JAKARTA,JAKARTA SELATAN,JAGAKARSA,LENTENG AGUNG, 2.28 ,24703
2013,PROVINSI DKI JAKARTA,JAKARTA SELATAN,JAGAKARSA,TANJUNG BARAT, 3.65 ,11460
2013,PROVINSI DKI JAKARTA,JAKARTA SELATAN,JAGAKARSA,CIPEDAK, 4.24 ,8473
2013,PROVINSI DKI JAKARTA,JAKARTA SELATAN,PESANGGRAHAN,PESANGGRAHAN, 2.10 ,13859
2013,PROVINSI DKI JAKARTA,JAKARTA SELATAN,PESANGGRAHAN,BINTARO, 4.56 ,11808
2013,PROVINSI DKI JAKARTA,JAKARTA SELATAN,PESANGGRAHAN,PETUKANGAN UTARA, 2.99 ,19001
2013,PROVINSI DKI JAKARTA,JAKARTA SELATAN,PESANGGRAHAN,PETUKANGAN SELATAN, 2.11 ,18260
2013,PROVINSI DKI JAKARTA,JAKARTA SELATAN,PESANGGRAHAN,ULUJAMI, 1.71 ,26161
2013,PROVINSI DKI JAKARTA,JAKARTA TIMUR,MATRAMAN,PISANGAN BARU, 0.68 ,54913
2013,PROVINSI DKI JAKARTA,JAKARTA TIMUR,MATRAMAN,UTAN KAYU UTARA, 1.05 ,31694
2013,PROVINSI DKI JAKARTA,JAKARTA TIMUR,MATRAMAN,KAYU MANIS, 0.57 ,52740
2013,PROVINSI DKI JAKARTA,JAKARTA TIMUR,MATRAMAN,PAL MERIAM, 0.65 ,36818
2013,PROVINSI DKI JAKARTA,JAKARTA TIMUR,MATRAMAN,KEBON MANGGIS, 0.78 ,25601
2013,PROVINSI DKI JAKARTA,JAKARTA TIMUR,MATRAMAN,UTAN KAYU SELATAN, 1.12 ,34434
2013,PROVINSI DKI JAKARTA,JAKARTA TIMUR,PULO GADUNG,PULO GADUNG, 1.29 ,30260
2013,PROVINSI DKI JAKARTA,JAKARTA TIMUR,PULO GADUNG,PISANGAN TIMUR, 1.80 ,26931
2013,PROVINSI DKI JAKARTA,JAKARTA TIMUR,PULO GADUNG,CIPINANG, 1.54 ,29756
2013,PROVINSI DKI JAKARTA,JAKARTA TIMUR,PULO GADUNG,JATINEGARA KAUM, 1.23 ,21792
2013,PROVINSI DKI JAKARTA,JAKARTA TIMUR,PULO GADUNG,RAWAMANGUN, 2.60 ,16963
2013,PROVINSI DKI JAKARTA,JAKARTA TIMUR,PULO GADUNG,KAYU PUTIH, 4.37 ,11179
2013,PROVINSI DKI JAKARTA,JAKARTA TIMUR,PULO GADUNG,JATI, 2.15 ,17270
2013,PROVINSI DKI JAKARTA,JAKARTA TIMUR,JATINEGARA,KAMPUNG MELAYU, 0.48 ,63973
2013,PROVINSI DKI JAKARTA,JAKARTA TIMUR,JATINEGARA,BIDARA CINA, 1.26 ,35493
2013,PROVINSI DKI JAKARTA,JAKARTA TIMUR,JATINEGARA,BALI MESTER, 0.67 ,17304
2013,PROVINSI DKI JAKARTA,JAKARTA TIMUR,JATINEGARA,RAWA BUNGA, 0.88 ,28478
2013,PROVINSI DKI JAKARTA,JAKARTA TIMUR,JATINEGARA,CIPINANG CEMPEDAK, 1.67 ,22917
2013,PROVINSI DKI JAKARTA,JAKARTA TIMUR,JATINEGARA,CIPINANG MUARA, 2.90 ,21525
2013,PROVINSI DKI JAKARTA,JAKARTA TIMUR,JATINEGARA,CIPINANG BESAR SELATAN, 1.63 ,23417
2013,PROVINSI DKI JAKARTA,JAKARTA TIMUR,JATINEGARA,CIPINANG BESAR UTARA, 1.15 ,48850
2013,PROVINSI DKI JAKARTA,JAKARTA TIMUR,KRAMAT JATI,KRAMAT JATI, 1.52 ,25801
2013,PROVINSI DKI JAKARTA,JAKARTA TIMUR,KRAMAT JATI,KAMPUNG TENGAH, 2.03 ,24281
2013,PROVINSI DKI JAKARTA,JAKARTA TIMUR,KRAMAT JATI,DUKUH, 1.98 ,13402
2013,PROVINSI DKI JAKARTA,JAKARTA TIMUR,KRAMAT JATI,BATU AMPAR, 2.55 ,19983
2013,PROVINSI DKI JAKARTA,JAKARTA TIMUR,KRAMAT JATI,BALE KAMBANG, 1.67 ,18012
2013,PROVINSI DKI JAKARTA,JAKARTA TIMUR,KRAMAT JATI,CILILITAN, 1.80 ,26094
2013,PROVINSI DKI JAKARTA,JAKARTA TIMUR,KRAMAT JATI,CAWANG, 1.79 ,21827
2013,PROVINSI DKI JAKARTA,JAKARTA TIMUR,PASAR REBO,GEDONG, 2.65 ,14684
2013,PROVINSI DKI JAKARTA,JAKARTA TIMUR,PASAR REBO,BARU, 1.89 ,14133
2013,PROVINSI DKI JAKARTA,JAKARTA TIMUR,PASAR REBO,CIJANTUNG, 2.37 ,18589
2013,PROVINSI DKI JAKARTA,JAKARTA TIMUR,PASAR REBO,KALISARI, 2.89 ,15517
2013,PROVINSI DKI JAKARTA,JAKARTA TIMUR,PASAR REBO,PEKAYON, 3.14 ,14600
2013,PROVINSI DKI JAKARTA,JAKARTA TIMUR,CAKUNG,JATINEGARA, 6.60 ,14709
2013,PROVINSI DKI JAKARTA,JAKARTA TIMUR,CAKUNG,RAWA TERATE, 4.10 ,7387
2013,PROVINSI DKI JAKARTA,JAKARTA TIMUR,CAKUNG,PENGGILINGAN, 4.48 ,22483
2013,PROVINSI DKI JAKARTA,JAKARTA TIMUR,CAKUNG,CAKUNG TIMUR, 9.81 ,6464
2013,PROVINSI DKI JAKARTA,JAKARTA TIMUR,CAKUNG,PULO GEBANG, 6.86 ,13716
2013,PROVINSI DKI JAKARTA,JAKARTA TIMUR,CAKUNG,UJUNG MENTENG, 4.43 ,6972
2013,PROVINSI DKI JAKARTA,JAKARTA TIMUR,CAKUNG,CAKUNG BARAT, 6.19 ,10030
2013,PROVINSI DKI JAKARTA,JAKARTA TIMUR,DUREN SAWIT,DUREN SAWIT, 4.58 ,14100
2013,PROVINSI DKI JAKARTA,JAKARTA TIMUR,DUREN SAWIT,PONDOK BAMBU, 5.00 ,13285
2013,PROVINSI DKI JAKARTA,JAKARTA TIMUR,DUREN SAWIT,KLENDER, 3.08 ,25456
2013,PROVINSI DKI JAKARTA,JAKARTA TIMUR,DUREN SAWIT,PONDOK KELAPA, 5.72 ,12673
2013,PROVINSI DKI JAKARTA,JAKARTA TIMUR,DUREN SAWIT,MALAKA SARI, 1.38 ,23592
2013,PROVINSI DKI JAKARTA,JAKARTA TIMUR,DUREN SAWIT,MALAKA JAYA, 0.99 ,36535
2013,PROVINSI DKI JAKARTA,JAKARTA TIMUR,DUREN SAWIT,PONDOK KOPI, 2.06 ,18136
2013,PROVINSI DKI JAKARTA,JAKARTA TIMUR,MAKASAR,MAKASAR, 1.85 ,20695
2013,PROVINSI DKI JAKARTA,JAKARTA TIMUR,MAKASAR,PINANG RANTI, 1.89 ,14793
2013,PROVINSI DKI JAKARTA,JAKARTA TIMUR,MAKASAR,KEBON PALA, 2.30 ,22647
2013,PROVINSI DKI JAKARTA,JAKARTA TIMUR,MAKASAR,HALIM PERDANA KUSUMAH, 13.07 ,2546
2013,PROVINSI DKI JAKARTA,JAKARTA TIMUR,MAKASAR,CIPINANG MELAYU, 2.53 ,18551
2013,PROVINSI DKI JAKARTA,JAKARTA TIMUR,CIRACAS,CIRACAS, 3.93 ,17648
2013,PROVINSI DKI JAKARTA,JAKARTA TIMUR,CIRACAS,CIBUBUR, 4.50 ,15686
2013,PROVINSI DKI JAKARTA,JAKARTA TIMUR,CIRACAS,KELAPA DUA WETAN, 3.37 ,14203
2013,PROVINSI DKI JAKARTA,JAKARTA TIMUR,CIRACAS,SUSUKAN, 2.19 ,19019
2013,PROVINSI DKI JAKARTA,JAKARTA TIMUR,CIRACAS,RAMBUTAN, 2.09 ,19324
2013,PROVINSI DKI JAKARTA,JAKARTA TIMUR,CIPAYUNG,CIPAYUNG, 3.08 ,8441
2013,PROVINSI DKI JAKARTA,JAKARTA TIMUR,CIPAYUNG,CILANGKAP, 6.03 ,4396
2013,PROVINSI DKI JAKARTA,JAKARTA TIMUR,CIPAYUNG,PONDOK RANGGON, 3.66 ,6772
2013,PROVINSI DKI JAKARTA,JAKARTA TIMUR,CIPAYUNG,MUNJUL, 1.90 ,12734
2013,PROVINSI DKI JAKARTA,JAKARTA TIMUR,CIPAYUNG,SETU, 3.25 ,6028
2013,PROVINSI DKI JAKARTA,JAKARTA TIMUR,CIPAYUNG,BAMBU APUS, 3.17 ,8400
2013,PROVINSI DKI JAKARTA,JAKARTA TIMUR,CIPAYUNG,LUBANG BUAYA, 3.72 ,18055
2013,PROVINSI DKI JAKARTA,JAKARTA TIMUR,CIPAYUNG,CEGER, 3.63 ,5492